goals_completed,makespan,reauctions,agent1_tasks,agent1_distance,agent1_collisions,agent1_timeouts,agent2_tasks,agent2_distance,agent2_collisions,agent2_timeouts,agent4_tasks,agent4_distance,agent4_collisions,agent4_timeouts,agent3_tasks,agent3_distance,agent3_collisions,agent3_timeouts
8,353.676,1,2,17.095,0,0,2,42.542,0,1,2,13.719,0,0,2,28.987,0,0
8,313.154,1,2,15.347,0,0,2,44.373,0,1,2,25.933,0,0,2,27.101,0,0
8,195.127,0,2,20.39,0,0,1,12.161,0,0,3,18.678,0,0,2,31.034,0,0
8,149.262,0,2,18.205,0,0,2,15.425,0,0,2,16.193,0,0,2,13.268,0,0
8,234.817,1,2,26.634,0,0,2,26.387,0,0,3,33.064,0,0,1,23.774,1,0
8,205.338,1,2,21.117,0,0,2,33.4,1,0,2,22.762,0,0,2,11.483,0,0
8,198.129,1,2,18.243,1,0,3,24.286,0,0,1,13.68,0,0,2,15.593,0,0
8,123.006,0,2,17.234,0,0,2,8.954,0,0,1,7.544,0,0,3,17.634,0,0
8,202.809,1,2,18.458,0,0,2,35.59,1,0,2,27.317,0,0,2,14.968,0,0
8,199.452,1,1,9.313,0,0,3,16.221,0,0,3,26.692,0,0,1,34.154,1,0
8,397.814,2,1,23.189,0,1,2,25.139,0,1,2,18.872,0,0,3,26.459,0,0
8,109.152,0,2,7.99,0,0,3,6.481,0,0,1,13.115,0,0,2,11.418,0,0
8,273.511,2,2,32.134,0,0,2,14.325,0,0,2,37.634,0,1,2,17.384,1,0
8,212.239,1,2,22.518,0,0,2,12.727,0,0,2,31.928,1,0,2,14.011,0,0
8,212.114,2,1,30.221,1,0,3,36.063,1,0,2,17.7,0,0,2,9.354,0,0
8,164.153,0,2,9.142,0,0,2,16.116,0,0,2,14.616,0,0,2,19.729,0,0
8,205.395,1,3,25.804,0,0,2,19.526,0,0,1,26.711,1,0,2,15.273,0,0
8,287.082,1,2,25.131,0,1,2,21.774,0,0,2,25.906,0,0,2,23.707,0,0
8,207.212,1,2,18.501,0,0,2,19.638,0,0,2,14.822,0,0,2,30.169,1,0
8,268.023,1,2,14.77,0,0,2,14.946,0,0,2,30.184,0,1,2,29.594,0,0
8,328.92,1,2,38.869,0,0,2,23.158,0,0,2,16.94,0,0,2,40.21,0,1
8,309.535,1,2,23.689,0,0,2,25.193,0,0,2,23.001,0,0,2,35.442,0,1
8,206.846,0,2,13.342,0,0,2,20.016,0,0,2,16.109,0,0,2,17.356,0,0
